"","item","prob","polarity","predicate","prior_type","model"
"1","Frank",0.846676464911988,"Embedded: not p","know","low_prior","RSA"
"2","Josie",0.566614442468987,"Embedded: not p","think","low_prior","RSA"
"3","Julian",0.512030402485985,"Embedded: p","think","low_prior","RSA"
"4","Grace",0.62350349241209,"Embedded: p","think","high_prior","RSA"
"5","Jayden",0.34638621640831,"Polar","Polar","low_prior","RSA"
"6","Danny",0.65779268451918,"Polar","Polar","high_prior","RSA"
"7","Jon",0.669584315898309,"Embedded: not p","know","high_prior","RSA"
"8","Emma",0.908751712297074,"Embedded: p","know","high_prior","RSA"
"9","Charley",0.358382842861131,"Embedded: not p","think","high_prior","RSA"
"10","Mary",0.774882192453373,"Embedded: p","know","low_prior","RSA"
"11","Mary",0.633134056221876,"Embedded: p","think","high_prior","RSA"
"12","Olivia",0.364512484871807,"Polar","Polar","low_prior","RSA"
"13","Tony",0.387242689771796,"Embedded: not p","think","high_prior","RSA"
"14","Emma",0.687656720854043,"Embedded: not p","know","high_prior","RSA"
"15","Danny",0.793244415151083,"Embedded: p","know","low_prior","RSA"
"16","Josh",0.537942558298006,"Embedded: not p","think","low_prior","RSA"
"17","Jackson",0.929199527536147,"Embedded: p","know","high_prior","RSA"
"18","Frank",0.64140753906817,"Polar","Polar","high_prior","RSA"
"19","Jon",0.832304917456687,"Embedded: not p","know","low_prior","RSA"
"20","Tony",0.679480041893739,"Embedded: not p","know","high_prior","RSA"
"21","Isabella",0.329591698431467,"Polar","Polar","low_prior","RSA"
"22","Jon",0.777786744689603,"Embedded: p","know","low_prior","RSA"
"23","Danny",0.401974065514199,"Embedded: not p","think","high_prior","RSA"
"24","Emily",0.460696522107381,"Embedded: p","think","low_prior","RSA"
"25","Grace",0.532647110379104,"Embedded: not p","think","low_prior","RSA"
"26","Josh",0.864909062468497,"Embedded: p","know","high_prior","RSA"
"27","Julian",0.609149749752249,"Polar","Polar","high_prior","RSA"
"28","Zoe",0.842108781731802,"Embedded: not p","know","low_prior","RSA"
"29","Frank",0.589110471783344,"Embedded: p","think","high_prior","RSA"
"30","Emma",0.519289156510016,"Embedded: not p","think","low_prior","RSA"
"31","Isabella",0.857698129478627,"Embedded: p","know","high_prior","RSA"
"32","Jackson",0.770234041899312,"Embedded: p","know","low_prior","RSA"
"33","Owen",0.667797817608604,"Embedded: not p","know","high_prior","RSA"
"34","Julian",0.426553794111174,"Embedded: not p","think","high_prior","RSA"
"35","Josie",0.852290157407245,"Embedded: not p","know","low_prior","RSA"
"36","Mary",0.366434273434811,"Polar","Polar","low_prior","RSA"
"37","Zoe",0.615988046840862,"Embedded: p","think","high_prior","RSA"
"38","Tony",0.68694586847065,"Polar","Polar","high_prior","RSA"
"39","Josie",0.683104997977293,"Embedded: not p","know","high_prior","RSA"
"40","Emma",0.395729838987534,"Embedded: not p","think","high_prior","RSA"
"41","Danny",0.408093452854084,"Polar","Polar","low_prior","RSA"
"42","Emily",0.554939610034294,"Embedded: p","think","high_prior","RSA"
"43","Olivia",0.666998187892091,"Polar","Polar","high_prior","RSA"
"44","Owen",0.534405970833969,"Embedded: not p","think","low_prior","RSA"
"45","Jayden",0.462112984279308,"Embedded: p","think","low_prior","RSA"
"46","Olivia",0.689191061431847,"Embedded: not p","know","high_prior","RSA"
"47","Charley",0.941328848358449,"Embedded: p","know","high_prior","RSA"
"48","Mary",0.54920018793493,"Embedded: not p","think","low_prior","RSA"
"49","Grace",0.369881107445943,"Embedded: not p","think","high_prior","RSA"
"50","Emma",0.806696088049592,"Embedded: not p","know","low_prior","RSA"
"51","Jon",0.373023958394728,"Polar","Polar","low_prior","RSA"
"52","Owen",0.619043173398518,"Embedded: p","think","high_prior","RSA"
"53","Olivia",0.60012644878099,"Embedded: p","think","high_prior","RSA"
"54","Emily",0.861094083859978,"Embedded: p","know","high_prior","RSA"
"55","Charley",0.809924112696674,"Embedded: not p","know","low_prior","RSA"
"56","Emma",0.42562778099017,"Polar","Polar","low_prior","RSA"
"57","Jackson",0.665072516445571,"Embedded: not p","know","high_prior","RSA"
"58","Grace",0.721304193998748,"Polar","Polar","high_prior","RSA"
"59","Tony",0.551637682237358,"Embedded: not p","think","low_prior","RSA"
"60","Emily",0.34309570608663,"Polar","Polar","low_prior","RSA"
"61","Mary",0.358576192382117,"Embedded: not p","think","high_prior","RSA"
"62","Zoe",0.923603776532413,"Embedded: p","know","high_prior","RSA"
"63","Charley",0.493369666037776,"Embedded: p","think","low_prior","RSA"
"64","Julian",0.817157801180682,"Embedded: p","know","low_prior","RSA"
"65","Isabella",0.551623041073792,"Embedded: p","think","high_prior","RSA"
"66","Jayden",0.845272822765902,"Embedded: not p","know","low_prior","RSA"
"67","Grace",0.819565391696516,"Embedded: not p","know","low_prior","RSA"
"68","Owen",0.926732030623498,"Embedded: p","know","high_prior","RSA"
"69","Emma",0.670149920377507,"Polar","Polar","high_prior","RSA"
"70","Josh",0.558665407915288,"Embedded: p","think","high_prior","RSA"
"71","Julian",0.500734693840989,"Embedded: not p","think","low_prior","RSA"
"72","Mary",0.470743048197226,"Embedded: p","think","low_prior","RSA"
"73","Olivia",0.550171285619019,"Embedded: not p","think","low_prior","RSA"
"74","Mary",0.743676460796805,"Polar","Polar","high_prior","RSA"
"75","Julian",0.575224498530219,"Embedded: p","think","high_prior","RSA"
"76","Jayden",0.409296209763854,"Embedded: not p","think","high_prior","RSA"
"77","Zoe",0.464910750406556,"Embedded: p","think","low_prior","RSA"
"78","Tony",0.608713303765471,"Embedded: p","think","high_prior","RSA"
"79","Olivia",0.469915778097508,"Embedded: p","think","low_prior","RSA"
"80","Jayden",0.766045559257312,"Embedded: p","know","low_prior","RSA"
"81","Isabella",0.85344880551056,"Embedded: not p","know","low_prior","RSA"
"82","Charley",0.522639749945916,"Embedded: not p","think","low_prior","RSA"
"83","Josie",0.4559079885313,"Embedded: p","think","low_prior","RSA"
"84","Josh",0.388712963042741,"Polar","Polar","low_prior","RSA"
"85","Zoe",0.378703173892687,"Embedded: not p","think","high_prior","RSA"
"86","Jayden",0.896918002695814,"Embedded: p","know","high_prior","RSA"
"87","Grace",0.931299111868228,"Embedded: p","know","high_prior","RSA"
"88","Zoe",0.768910292736694,"Embedded: p","know","low_prior","RSA"
"89","Charley",0.633298769082515,"Embedded: p","think","high_prior","RSA"
"90","Tony",0.837861265306185,"Embedded: not p","know","low_prior","RSA"
"91","Isabella",0.454883467552615,"Embedded: p","think","low_prior","RSA"
"92","Charley",0.798050401197373,"Embedded: p","know","low_prior","RSA"
"93","Olivia",0.836448511262176,"Embedded: not p","know","low_prior","RSA"
"94","Josie",0.912872857621473,"Embedded: p","know","high_prior","RSA"
"95","Jon",0.473579702259405,"Embedded: p","think","low_prior","RSA"
"96","Jayden",0.64330226475377,"Polar","Polar","high_prior","RSA"
"97","Isabella",0.454258555451968,"Embedded: not p","think","high_prior","RSA"
"98","Emily",0.740293621650646,"Embedded: not p","know","high_prior","RSA"
"99","Josie",0.67949974339776,"Polar","Polar","high_prior","RSA"
"100","Jackson",0.466203554988485,"Embedded: p","think","low_prior","RSA"
"101","Owen",0.787786931077822,"Embedded: p","know","low_prior","RSA"
"102","Jayden",0.58992609215753,"Embedded: p","think","high_prior","RSA"
"103","Josh",0.736080053809711,"Embedded: not p","know","high_prior","RSA"
"104","Zoe",0.67125291190639,"Embedded: not p","know","high_prior","RSA"
"105","Isabella",0.758642996761115,"Embedded: p","know","low_prior","RSA"
"106","Owen",0.710942656611427,"Polar","Polar","high_prior","RSA"
"107","Olivia",0.397322438806459,"Embedded: not p","think","high_prior","RSA"
"108","Grace",0.78932115450391,"Embedded: p","know","low_prior","RSA"
"109","Jackson",0.716540775003345,"Polar","Polar","high_prior","RSA"
"110","Emma",0.60148317141827,"Embedded: p","think","high_prior","RSA"
"111","Isabella",0.567817084689515,"Embedded: not p","think","low_prior","RSA"
"112","Jon",0.617463483265724,"Embedded: p","think","high_prior","RSA"
"113","Mary",0.651862199893605,"Embedded: not p","know","high_prior","RSA"
"114","Zoe",0.352885562809376,"Polar","Polar","low_prior","RSA"
"115","Mary",0.835512937514143,"Embedded: not p","know","low_prior","RSA"
"116","Charley",0.418997004035494,"Polar","Polar","low_prior","RSA"
"117","Frank",0.764774696899453,"Embedded: p","know","low_prior","RSA"
"118","Jayden",0.700726817263887,"Embedded: not p","know","high_prior","RSA"
"119","Owen",0.48334611960486,"Embedded: p","think","low_prior","RSA"
"120","Danny",0.903304981950442,"Embedded: p","know","high_prior","RSA"
"121","Grace",0.399192579474005,"Polar","Polar","low_prior","RSA"
"122","Josie",0.391005286216022,"Embedded: not p","think","high_prior","RSA"
"123","Frank",0.560787596864577,"Embedded: not p","think","low_prior","RSA"
"124","Josh",0.480333329942221,"Embedded: p","think","low_prior","RSA"
"125","Jon",0.925114529015202,"Embedded: p","know","high_prior","RSA"
"126","Emily",0.846874723793861,"Embedded: not p","know","low_prior","RSA"
"127","Josie",0.759692040682042,"Embedded: p","know","low_prior","RSA"
"128","Charley",0.744059096760397,"Polar","Polar","high_prior","RSA"
"129","Josh",0.824667125680831,"Embedded: not p","know","low_prior","RSA"
"130","Emma",0.496224008923407,"Embedded: p","think","low_prior","RSA"
"131","Charley",0.651675923333591,"Embedded: not p","know","high_prior","RSA"
"132","Jackson",0.62145298894715,"Embedded: p","think","high_prior","RSA"
"133","Jon",0.376971220935977,"Embedded: not p","think","high_prior","RSA"
"134","Emma",0.800973065656872,"Embedded: p","know","low_prior","RSA"
"135","Josie",0.331971710352685,"Polar","Polar","low_prior","RSA"
"136","Josh",0.570682179162666,"Polar","Polar","high_prior","RSA"
"137","Tony",0.468666566924878,"Embedded: p","think","low_prior","RSA"
"138","Isabella",0.744044385583789,"Embedded: not p","know","high_prior","RSA"
"139","Danny",0.596163766392377,"Embedded: p","think","high_prior","RSA"
"140","Frank",0.460871830195409,"Embedded: p","think","low_prior","RSA"
"141","Jon",0.70727295982034,"Polar","Polar","high_prior","RSA"
"142","Emily",0.450365374207096,"Embedded: not p","think","high_prior","RSA"
"143","Jackson",0.554528908679762,"Embedded: not p","think","low_prior","RSA"
"144","Tony",0.916154905149278,"Embedded: p","know","high_prior","RSA"
"145","Isabella",0.554322419445622,"Polar","Polar","high_prior","RSA"
"146","Jackson",0.840646727163889,"Embedded: not p","know","low_prior","RSA"
"147","Josh",0.784702027258009,"Embedded: p","know","low_prior","RSA"
"148","Owen",0.375116888922699,"Embedded: not p","think","high_prior","RSA"
"149","Frank",0.701649216140275,"Embedded: not p","know","high_prior","RSA"
"150","Jon",0.545870358667218,"Embedded: not p","think","low_prior","RSA"
"151","Owen",0.821259910893698,"Embedded: not p","know","low_prior","RSA"
"152","Frank",0.896082859625906,"Embedded: p","know","high_prior","RSA"
"153","Danny",0.488676026973229,"Embedded: p","think","low_prior","RSA"
"154","Julian",0.462346799822459,"Polar","Polar","low_prior","RSA"
"155","Tony",0.361610506732914,"Polar","Polar","low_prior","RSA"
"156","Zoe",0.556046477773482,"Embedded: not p","think","low_prior","RSA"
"157","Julian",0.78882037022384,"Embedded: not p","know","low_prior","RSA"
"158","Josie",0.605507978918534,"Embedded: p","think","high_prior","RSA"
"159","Frank",0.343502955277298,"Polar","Polar","low_prior","RSA"
"160","Olivia",0.907362515136026,"Embedded: p","know","high_prior","RSA"
"161","Jackson",0.372288107489458,"Embedded: not p","think","high_prior","RSA"
"162","Danny",0.528149416047816,"Embedded: not p","think","low_prior","RSA"
"163","Mary",0.941160192929476,"Embedded: p","know","high_prior","RSA"
"164","Emily",0.562026969989498,"Polar","Polar","high_prior","RSA"
"165","Danny",0.81523222850194,"Embedded: not p","know","low_prior","RSA"
"166","Emily",0.764595192635644,"Embedded: p","know","low_prior","RSA"
"167","Zoe",0.703845449448928,"Polar","Polar","high_prior","RSA"
"168","Grace",0.484844478305253,"Embedded: p","think","low_prior","RSA"
"169","Olivia",0.774035120810011,"Embedded: p","know","low_prior","RSA"
"170","Grace",0.66275356739531,"Embedded: not p","know","high_prior","RSA"
"171","Julian",0.717353098156504,"Embedded: not p","know","high_prior","RSA"
"172","Josh",0.445991816290703,"Embedded: not p","think","high_prior","RSA"
"173","Julian",0.881864511607253,"Embedded: p","know","high_prior","RSA"
"174","Jayden",0.559330658124881,"Embedded: not p","think","low_prior","RSA"
"175","Jackson",0.355888810552283,"Polar","Polar","low_prior","RSA"
"176","Danny",0.69367252596906,"Embedded: not p","know","high_prior","RSA"
"177","Frank",0.410253632323593,"Embedded: not p","think","high_prior","RSA"
"178","Emily",0.560993383678756,"Embedded: not p","think","low_prior","RSA"
"179","Tony",0.77275600850888,"Embedded: p","know","low_prior","RSA"
"180","Owen",0.395711819544837,"Polar","Polar","low_prior","RSA"
